Ndex,Pokémon,Type1,Type2,Variance,Generation,Evolution,Rarity,Popularity,NewSnap
1,Bulbasaur,Grass,Poison,,1,1,Starter,710,1
2,Ivysaur,Grass,Poison,,1,2,Starter,83,0
3,Venusaur,Grass,Poison,,1,3,Starter,127,1
4,Charmander,Fire,Fire,,1,1,Starter,374,1
5,Charmeleon,Fire,Fire,,1,2,Starter,70,0
6,Charizard,Fire,Flying,,1,3,Starter,1107,1
7,Squirtle,Water,Water,,1,1,Starter,523,1
8,Wartortle,Water,Water,,1,2,Starter,133,0
9,Blastoise,Water,Water,,1,3,Starter,410,1
10,Caterpie,Bug,Bug,,1,1,Standard,28,1
11,Metapod,Bug,Bug,,1,2,Standard,18,1
12,Butterfree,Bug,Flying,,1,3,Standard,58,0
13,Weedle,Bug,Poison,,1,1,Standard,20,0
14,Kakuna,Bug,Poison,,1,2,Standard,13,0
15,Beedrill,Bug,Poison,,1,3,Standard,83,0
16,Pidgey,Normal,Flying,,1,1,Standard,42,0
17,Pidgeotto,Normal,Flying,,1,2,Standard,32,0
18,Pidgeot,Normal,Flying,,1,3,Standard,96,1
19,Rattata,Normal,Normal,,1,1,Standard,27,1
19,Rattata,Dark,Normal,Alohan,1,1,Standard,27,0
20,Raticate,Normal,Normal,,1,2,Standard,19,0
20,Raticate,Dark,Normal,Alohan,1,2,Standard,19,0
21,Spearow,Normal,Flying,,1,1,Standard,2,0
22,Fearow,Normal,Flying,,1,2,Standard,21,0
23,Ekans,Poison,Poison,,1,1,Standard,9,0
24,Arbok,Poison,Poison,,1,2,Standard,19,1
25,Pikachu,Electric,Electric,,1,2,Starter,293,1
26,Raichu,Electric,Electric,,1,3,Starter,301,0
26,Raichu,Electric,Psychic,Alohan,1,3,Starter,301,1
27,Sandshrew,Ground,Ground,,1,1,Standard,200,1
27,Sandshrew,Ice,Steel,Alohan,1,1,Standard,200,0
28,Sandslash,Ground,Ground,,1,2,Standard,167,0
28,Sandslash,Ice,Steel,Alohan,1,2,Standard,167,1
29,Nidoran♀,Poison,Poison,,1,1,Standard,7,0
30,Nidorina,Poison,Poison,,1,2,Standard,6,0
31,Nidoqueen,Poison,Ground,,1,3,Standard,23,0
32,Nidoran♂,Poison,Poison,,1,1,Standard,18,0
33,Nidorino,Poison,Poison,,1,2,Standard,23,0
34,Nidoking,Poison,Ground,,1,3,Standard,265,0
35,Clefairy,Fairy,Fairy,,1,2,Standard,44,1
36,Clefable,Fairy,Fairy,,1,3,Standard,39,0
37,Vulpix,Fire,Fire,,1,1,Standard,302,0
37,Vulpix,Ice,Ice,Alohan,1,1,Standard,302,1
38,Ninetales,Fire,Fire,,1,2,Standard,471,1
38,Ninetales,Ice,Fairy,Alohan,1,2,Standard,471,0
39,Jigglypuff,Normal,Fairy,,1,2,Standard,162,0
40,Wigglytuff,Normal,Fairy,,1,3,Standard,34,0
41,Zubat,Poison,Flying,,1,1,Standard,37,0
42,Golbat,Poison,Flying,,1,2,Standard,12,0
43,Oddish,Grass,Poison,,1,1,Standard,127,0
44,Gloom,Grass,Poison,,1,2,Standard,32,0
45,Vileplume,Grass,Poison,,1,3,Standard,67,0
46,Paras,Bug,Grass,,1,1,Standard,22,0
47,Parasect,Bug,Grass,,1,2,Standard,32,0
48,Venonat,Bug,Poison,,1,1,Standard,27,0
49,Venomoth,Bug,Poison,,1,2,Standard,19,0
50,Diglett,Ground,Ground,,1,1,Standard,47,2
50,Diglett,Ground,Steel,Alohan,1,1,Standard,47,0
51,Dugtrio,Ground,Ground,,1,2,Standard,26,0
51,Dugtrio,Ground,Steel,Alohan,1,2,Standard,26,0
52,Meowth,Normal,Normal,,1,1,Standard,50,1
52,Meowth,Dark,Dark,Alohan,1,1,Standard,50,0
52,Meowth,Steel,Steel,Galarian,1,1,Standard,50,0
53,Persian,Normal,Normal,,1,2,Standard,33,0
53,Persian,Dark,Dark,Alohan,1,2,Standard,33,0
54,Psyduck,Water,Water,,1,1,Standard,281,2
55,Golduck,Water,Water,,1,2,Standard,60,0
56,Mankey,Fighting,Fighting,,1,1,Standard,21,0
57,Primeape,Fighting,Fighting,,1,2,Standard,59,0
58,Growlithe,Fire,Fire,,1,1,Standard,276,0
59,Arcanine,Fire,Fire,,1,2,Standard,923,0
60,Poliwag,Water,Water,,1,1,Standard,30,0
61,Poliwhirl,Water,Water,,1,2,Standard,96,0
62,Poliwrath,Water,Fighting,,1,3,Standard,56,0
63,Abra,Psychic,Psychic,,1,1,Standard,111,0
64,Kadabra,Psychic,Psychic,,1,2,Standard,82,0
65,Alakazam,Psychic,Psychic,,1,3,Standard,376,0
66,Machop,Fighting,Fighting,,1,1,Standard,23,0
67,Machoke,Fighting,Fighting,,1,2,Standard,23,0
68,Machamp,Fighting,Fighting,,1,3,Standard,104,1
69,Bellsprout,Grass,Poison,,1,1,Standard,27,0
70,Weepinbell,Grass,Poison,,1,2,Standard,12,0
71,Victreebel,Grass,Poison,,1,3,Standard,19,0
72,Tentacool,Water,Poison,,1,1,Standard,9,0
73,Tentacruel,Water,Poison,,1,2,Standard,30,1
74,Geodude,Rock,Ground,,1,1,Standard,38,1
74,Geodude,Rock,Electric,Alohan,1,1,Standard,38,0
75,Graveler,Rock,Ground,,1,2,Standard,14,1
75,Graveler,Rock,Electric,Alohan,1,2,Standard,14,0
76,Golem,Rock,Ground,,1,3,Standard,45,0
76,Golem,Rock,Electric,Alohan,1,3,Standard,45,0
77,Ponyta,Fire,Fire,,1,1,Standard,51,0
77,Ponyta,Psychic,Psychic,Galarian,1,1,Standard,51,0
78,Rapidash,Fire,Fire,,1,2,Standard,77,0
78,Rapidash,Psychic,Fairy,Galarian,1,2,Standard,77,0
79,Slowpoke,Water,Psychic,,1,1,Standard,118,0
79,Slowpoke,Psychic,Psychic,Galarian,1,1,Standard,118,0
80,Slowbro,Water,Psychic,,1,2,Standard,79,0
80,Slowbro,Poison,Psychic,Galarian,1,2,Standard,79,0
81,Magnemite,Electric,Steel,,1,1,Standard,61,0
82,Magneton,Electric,Steel,,1,2,Standard,54,0
83,Farfetch'd,Normal,Flying,,1,0,Standard,118,0
83,Farfetch'd,Fighting,Fighting,Galarian,1,1,Standard,118,0
84,Doduo,Normal,Flying,,1,1,Standard,7,0
85,Dodrio,Normal,Flying,,1,2,Standard,14,1
86,Seel,Water,Water,,1,1,Standard,27,0
87,Dewgong,Water,Ice,,1,2,Standard,49,1
88,Grimer,Poison,Poison,,1,1,Standard,14,0
88,Grimer,Poison,Dark,Alohan,1,1,Standard,14,0
89,Muk,Poison,Poison,,1,2,Standard,86,0
89,Muk,Poison,Dark,Alohan,1,2,Standard,86,0
90,Shellder,Water,Water,,1,1,Standard,19,0
91,Cloyster,Water,Ice,,1,2,Standard,56,0
92,Gastly,Ghost,Poison,,1,1,Standard,27,0
93,Haunter,Ghost,Poison,,1,2,Standard,301,0
94,Gengar,Ghost,Poison,,1,3,Standard,1056,1
95,Onix,Rock,Ground,,1,1,Standard,46,1
96,Drowzee,Psychic,Psychic,,1,1,Standard,18,0
97,Hypno,Psychic,Psychic,,1,2,Standard,31,0
98,Krabby,Water,Water,,1,1,Standard,42,0
99,Kingler,Water,Water,,1,2,Standard,62,0
100,Voltorb,Electric,Electric,,1,1,Standard,12,0
101,Electrode,Electric,Electric,,1,2,Standard,13,0
102,Exeggcute,Grass,Psychic,,1,1,Standard,1,0
103,Exeggutor,Grass,Psychic,,1,2,Standard,50,1
103,Exeggutor,Grass,Dragon,Alohan,1,2,Standard,50,0
104,Cubone,Ground,Ground,,1,1,Standard,321,0
105,Marowak,Ground,Ground,,1,2,Standard,83,0
105,Marowak,Fire,Ghost,Alohan,1,2,Standard,83,0
106,Hitmonlee,Fighting,Fighting,,1,2,Standard,45,0
107,Hitmonchan,Fighting,Fighting,,1,2,Standard,52,0
108,Lickitung,Normal,Normal,,1,1,Standard,55,0
109,Koffing,Poison,Poison,,1,1,Standard,62,2
110,Weezing,Poison,Poison,,1,2,Standard,50,0
110,Weezing,Poison,Fairy,Galarian,1,2,Standard,50,0
111,Rhyhorn,Ground,Rock,,1,1,Standard,20,0
112,Rhydon,Ground,Rock,,1,2,Standard,43,0
113,Chansey,Normal,Normal,,1,2,Standard,53,0
114,Tangela,Grass,Grass,,1,1,Standard,47,0
115,Kangaskhan,Normal,Normal,,1,0,Standard,37,1
116,Horsea,Water,Water,,1,1,Standard,9,0
117,Seadra,Water,Water,,1,2,Standard,11,0
118,Goldeen,Water,Water,,1,1,Standard,2,0
119,Seaking,Water,Water,,1,2,Standard,8,0
120,Staryu,Water,Water,,1,1,Standard,21,0
121,Starmie,Water,Psychic,,1,2,Standard,111,1
122,Mr. Mime,Psychic,Fairy,,1,2,Standard,70,0
122,Mr. Mime,Ice,Psychic,Galarian,1,2,Standard,70,0
123,Scyther,Bug,Flying,,1,1,Standard,394,0
124,Jynx,Ice,Psychic,,1,2,Standard,38,1
125,Electabuzz,Electric,Electric,,1,2,Standard,42,0
126,Magmar,Fire,Fire,,1,2,Standard,42,0
127,Pinsir,Bug,Bug,,1,0,Standard,32,1
128,Tauros,Normal,Normal,,1,0,Standard,54,0
129,Magikarp,Water,Water,,1,1,Standard,119,1
130,Gyarados,Water,Flying,,1,2,Standard,265,2
131,Lapras,Water,Ice,,1,0,Standard,233,1
132,Ditto,Normal,Normal,,1,0,Standard,184,0
133,Eevee,Normal,Normal,,1,1,Starter,581,1
134,Vaporeon,Water,Water,,1,2,Starter,275,1
135,Jolteon,Electric,Electric,,1,2,Starter,335,1
136,Flareon,Fire,Fire,,1,2,Starter,94,1
137,Porygon,Normal,Normal,,1,1,Standard,97,0
138,Omanyte,Rock,Water,,1,1,Ancient,15,0
139,Omastar,Rock,Water,,1,2,Ancient,13,0
140,Kabuto,Rock,Water,,1,1,Ancient,20,0
141,Kabutops,Rock,Water,,1,2,Ancient,118,0
142,Aerodactyl,Rock,Flying,,1,0,Ancient,51,1
143,Snorlax,Normal,Normal,,1,2,Standard,433,2
144,Articuno,Ice,Flying,,1,0,Sub-Legendary,136,0
144,Articuno,Psychic,Flying,Galarian,1,0,Sub-Legendary,136,0
145,Zapdos,Electric,Flying,,1,0,Sub-Legendary,121,0
145,Zapdos,Fighting,Flying,Galarian,1,0,Sub-Legendary,121,0
146,Moltres,Fire,Flying,,1,0,Sub-Legendary,16,0
146,Moltres,Dark,Flying,Galarian,1,0,Sub-Legendary,16,0
147,Dratini,Dragon,Dragon,,1,1,Standard,92,0
148,Dragonair,Dragon,Dragon,,1,2,Standard,157,0
149,Dragonite,Dragon,Flying,,1,3,Standard,551,0
150,Mewtwo,Psychic,Psychic,,1,0,Legendary,298,0
151,Mew,Psychic,Psychic,,1,0,Mythical,269,1
152,Chikorita,Grass,Grass,,2,1,Starter,98,0
153,Bayleef,Grass,Grass,,2,2,Starter,66,0
154,Meganium,Grass,Grass,,2,3,Starter,75,1
155,Cyndaquil,Fire,Fire,,2,1,Starter,377,0
156,Quilava,Fire,Fire,,2,2,Starter,181,0
157,Typhlosion,Fire,Fire,,2,3,Starter,534,1
158,Totodile,Water,Water,,2,1,Starter,300,0
159,Croconaw,Water,Water,,2,2,Starter,21,0
160,Feraligatr,Water,Water,,2,3,Starter,287,2
161,Sentret,Normal,Normal,,2,1,Standard,12,0
162,Furret,Normal,Normal,,2,2,Standard,132,1
163,Hoothoot,Normal,Flying,,2,1,Standard,8,1
164,Noctowl,Normal,Flying,,2,2,Standard,32,0
165,Ledyba,Bug,Flying,,2,1,Standard,5,0
166,Ledian,Bug,Flying,,2,2,Standard,30,1
167,Spinarak,Bug,Poison,,2,1,Standard,11,0
168,Ariados,Bug,Poison,,2,2,Standard,13,1
169,Crobat,Poison,Flying,,2,3,Standard,231,1
170,Chinchou,Water,Electric,,2,1,Standard,21,1
171,Lanturn,Water,Electric,,2,2,Standard,63,0
172,Pichu,Electric,Electric,,2,1,Starter,59,1
173,Cleffa,Fairy,Fairy,,2,1,Standard,6,2
174,Igglybuff,Normal,Fairy,,2,1,Standard,5,0
175,Togepi,Fairy,Fairy,,2,1,Standard,71,0
176,Togetic,Fairy,Flying,,2,2,Standard,21,0
177,Natu,Psychic,Flying,,2,1,Standard,22,1
178,Xatu,Psychic,Flying,,2,2,Standard,50,0
179,Mareep,Electric,Electric,,2,1,Standard,118,0
180,Flaaffy,Electric,Electric,,2,2,Standard,43,0
181,Ampharos,Electric,Electric,,2,3,Standard,529,0
182,Bellossom,Grass,Grass,,2,3,Standard,28,1
183,Marill,Water,Fairy,,2,2,Standard,31,0
184,Azumarill,Water,Fairy,,2,3,Standard,106,0
185,Sudowoodo,Rock,Rock,,2,2,Standard,60,1
186,Politoed,Water,Water,,2,3,Standard,73,0
187,Hoppip,Grass,Flying,,2,1,Standard,14,0
188,Skiploom,Grass,Flying,,2,2,Standard,3,0
189,Jumpluff,Grass,Flying,,2,3,Standard,35,0
190,Aipom,Normal,Normal,,2,1,Standard,66,1
191,Sunkern,Grass,Grass,,2,1,Standard,14,0
192,Sunflora,Grass,Grass,,2,2,Standard,12,0
193,Yanma,Bug,Flying,,2,1,Standard,22,0
194,Wooper,Water,Ground,,2,1,Standard,109,1
195,Quagsire,Water,Ground,,2,2,Standard,123,1
196,Espeon,Psychic,Psychic,,2,2,Starter,384,1
197,Umbreon,Dark,Dark,,2,2,Starter,607,1
198,Murkrow,Dark,Flying,,2,1,Standard,86,1
199,Slowking,Water,Psychic,,2,2,Standard,46,0
199,Slowking,Poison,Psychic,Galarian,2,2,Standard,46,0
200,Misdreavus,Ghost,Ghost,,2,1,Standard,80,0
201,Unown,Psychic,Psychic,,2,0,Standard,18,0
202,Wobbuffet,Psychic,Psychic,,2,2,Standard,79,0
203,Girafarig,Normal,Psychic,,2,0,Standard,34,0
204,Pineco,Bug,Bug,,2,1,Standard,7,0
205,Forretress,Bug,Steel,,2,2,Standard,30,0
206,Dunsparce,Normal,Normal,,2,0,Standard,209,0
207,Gligar,Ground,Flying,,2,1,Standard,30,0
208,Steelix,Steel,Ground,,2,2,Standard,95,1
209,Snubbull,Fairy,Fairy,,2,1,Standard,21,0
210,Granbull,Fairy,Fairy,,2,2,Standard,8,0
211,Qwilfish,Water,Poison,,2,0,Standard,23,1
212,Scizor,Bug,Steel,,2,2,Standard,424,0
213,Shuckle,Bug,Rock,,2,0,Standard,176,0
214,Heracross,Bug,Fighting,,2,0,Standard,279,1
215,Sneasel,Dark,Ice,,2,1,Standard,103,0
216,Teddiursa,Normal,Normal,,2,1,Standard,40,0
217,Ursaring,Normal,Normal,,2,2,Standard,34,2
218,Slugma,Fire,Fire,,2,1,Standard,13,1
219,Magcargo,Fire,Rock,,2,2,Standard,23,0
220,Swinub,Ice,Ground,,2,1,Standard,39,1
221,Piloswine,Ice,Ground,,2,2,Standard,13,0
222,Corsola,Water,Rock,,2,0,Standard,34,1
222,Corsola,Ghost,Ghost,Galarian,2,1,Standard,34,0
223,Remoraid,Water,Water,,2,1,Standard,3,0
224,Octillery,Water,Water,,2,2,Standard,37,1
225,Delibird,Ice,Flying,,2,0,Standard,38,1
226,Mantine,Water,Flying,,2,2,Standard,27,1
227,Skarmory,Steel,Flying,,2,0,Standard,135,1
228,Houndour,Dark,Fire,,2,1,Standard,29,0
229,Houndoom,Dark,Fire,,2,2,Standard,177,1
230,Kingdra,Water,Dragon,,2,3,Standard,72,0
231,Phanpy,Ground,Ground,,2,1,Standard,77,0
232,Donphan,Ground,Ground,,2,2,Standard,72,0
233,Porygon2,Normal,Normal,,2,2,Standard,69,0
234,Stantler,Normal,Normal,,2,0,Standard,21,0
235,Smeargle,Normal,Normal,,2,0,Standard,55,0
236,Tyrogue,Fighting,Fighting,,2,1,Standard,5,0
237,Hitmontop,Fighting,Fighting,,2,3,Standard,17,0
238,Smoochum,Ice,Psychic,,2,1,Standard,5,0
239,Elekid,Electric,Electric,,2,1,Standard,23,0
240,Magby,Fire,Fire,,2,1,Standard,5,0
241,Miltank,Normal,Normal,,2,0,Standard,54,0
242,Blissey,Normal,Normal,,2,3,Standard,15,0
243,Raikou,Electric,Electric,,2,0,Sub-Legendary,41,0
244,Entei,Fire,Fire,,2,0,Sub-Legendary,56,0
245,Suicune,Water,Water,,2,0,Sub-Legendary,140,1
246,Larvitar,Rock,Ground,,2,1,Standard,50,0
247,Pupitar,Rock,Ground,,2,2,Standard,2,0
248,Tyranitar,Rock,Dark,,2,3,Standard,451,1
249,Lugia,Psychic,Flying,,2,0,Legendary,260,1
250,Ho-Oh,Fire,Flying,,2,0,Legendary,49,1
251,Celebi,Psychic,Grass,,2,0,Mythical,78,1
252,Treecko,Grass,Grass,,3,1,Starter,134,0
253,Grovyle,Grass,Grass,,3,2,Starter,129,0
254,Sceptile,Grass,Grass,,3,3,Starter,337,0
255,Torchic,Fire,Fire,,3,1,Starter,105,1
256,Combusken,Fire,Fighting,,3,2,Starter,6,0
257,Blaziken,Fire,Fighting,,3,3,Starter,613,0
258,Mudkip,Water,Water,,3,1,Starter,404,0
259,Marshtomp,Water,Ground,,3,2,Starter,21,0
260,Swampert,Water,Ground,,3,3,Starter,381,1
261,Poochyena,Dark,Dark,,3,1,Standard,28,0
262,Mightyena,Dark,Dark,,3,2,Standard,61,1
263,Zigzagoon,Normal,Normal,,3,1,Standard,56,0
263,Zigzagoon,Dark,Normal,Galarian,3,1,Standard,56,0
264,Linoone,Normal,Normal,,3,2,Standard,31,0
264,Linoone,Dark,Normal,Galarian,3,2,Standard,31,0
265,Wurmple,Bug,Bug,,3,1,Standard,12,1
266,Silcoon,Bug,Bug,,3,2,Standard,0,0
267,Beautifly,Bug,Flying,,3,3,Standard,2,1
268,Cascoon,Bug,Bug,,3,2,Standard,2,0
269,Dustox,Bug,Poison,,3,3,Standard,5,0
270,Lotad,Water,Grass,,3,1,Standard,34,1
271,Lombre,Water,Grass,,3,2,Standard,6,0
272,Ludicolo,Water,Grass,,3,3,Standard,147,0
273,Seedot,Grass,Grass,,3,1,Standard,14,0
274,Nuzleaf,Grass,Dark,,3,2,Standard,6,0
275,Shiftry,Grass,Dark,,3,3,Standard,29,1
276,Taillow,Normal,Flying,,3,1,Standard,8,1
277,Swellow,Normal,Flying,,3,2,Standard,33,0
278,Wingull,Water,Flying,,3,1,Standard,18,1
279,Pelipper,Water,Flying,,3,2,Standard,30,1
280,Ralts,Psychic,Fairy,,3,1,Standard,82,0
281,Kirlia,Psychic,Fairy,,3,2,Standard,18,0
282,Gardevoir,Psychic,Fairy,,3,3,Standard,585,1
283,Surskit,Bug,Water,,3,1,Standard,22,0
284,Masquerain,Bug,Flying,,3,2,Standard,24,0
285,Shroomish,Grass,Grass,,3,1,Standard,27,2
286,Breloom,Grass,Fighting,,3,2,Standard,228,0
287,Slakoth,Normal,Normal,,3,1,Standard,23,0
288,Vigoroth,Normal,Normal,,3,2,Standard,9,0
289,Slaking,Normal,Normal,,3,3,Standard,69,1
290,Nincada,Bug,Ground,,3,1,Standard,3,0
291,Ninjask,Bug,Flying,,3,2,Standard,27,0
292,Shedinja,Bug,Ghost,,3,2,Standard,116,0
293,Whismur,Normal,Normal,,3,1,Standard,5,0
294,Loudred,Normal,Normal,,3,2,Standard,5,0
295,Exploud,Normal,Normal,,3,3,Standard,26,0
296,Makuhita,Fighting,Fighting,,3,1,Standard,4,0
297,Hariyama,Fighting,Fighting,,3,2,Standard,13,0
298,Azurill,Normal,Fairy,,3,1,Standard,10,0
299,Nosepass,Rock,Rock,,3,1,Standard,10,0
300,Skitty,Normal,Normal,,3,1,Standard,74,0
301,Delcatty,Normal,Normal,,3,2,Standard,30,0
302,Sableye,Dark,Ghost,,3,0,Standard,237,1
303,Mawile,Steel,Fairy,,3,0,Standard,247,1
304,Aron,Steel,Rock,,3,1,Standard,96,0
305,Lairon,Steel,Rock,,3,2,Standard,19,0
306,Aggron,Steel,Rock,,3,3,Standard,313,0
307,Meditite,Fighting,Psychic,,3,1,Standard,2,0
308,Medicham,Fighting,Psychic,,3,2,Standard,20,0
309,Electrike,Electric,Electric,,3,1,Standard,8,0
310,Manectric,Electric,Electric,,3,2,Standard,62,0
311,Plusle,Electric,Electric,,3,0,Standard,23,0
312,Minun,Electric,Electric,,3,0,Standard,24,0
313,Volbeat,Bug,Bug,,3,0,Standard,9,0
314,Illumise,Bug,Bug,,3,0,Standard,5,0
315,Roselia,Grass,Poison,,3,2,Standard,19,0
316,Gulpin,Poison,Poison,,3,1,Standard,16,0
317,Swalot,Poison,Poison,,3,2,Standard,22,2
318,Carvanha,Water,Dark,,3,1,Standard,3,0
319,Sharpedo,Water,Dark,,3,2,Standard,33,1
320,Wailmer,Water,Water,,3,1,Standard,18,1
321,Wailord,Water,Water,,3,2,Standard,86,1
322,Numel,Fire,Ground,,3,1,Standard,21,0
323,Camerupt,Fire,Ground,,3,2,Standard,42,0
324,Torkoal,Fire,Fire,,3,0,Standard,37,1
325,Spoink,Psychic,Psychic,,3,1,Standard,33,0
326,Grumpig,Psychic,Psychic,,3,2,Standard,21,0
327,Spinda,Normal,Normal,,3,0,Standard,38,0
328,Trapinch,Ground,Ground,,3,1,Standard,22,1
329,Vibrava,Ground,Dragon,,3,2,Standard,16,0
330,Flygon,Ground,Dragon,,3,3,Standard,510,1
331,Cacnea,Grass,Grass,,3,1,Standard,23,1
332,Cacturne,Grass,Dark,,3,2,Standard,21,0
333,Swablu,Normal,Flying,,3,1,Standard,25,0
334,Altaria,Dragon,Flying,,3,2,Standard,136,1
335,Zangoose,Normal,Normal,,3,0,Standard,99,1
336,Seviper,Poison,Poison,,3,0,Standard,21,1
337,Lunatone,Rock,Psychic,,3,0,Standard,8,0
338,Solrock,Rock,Psychic,,3,0,Standard,6,0
339,Barboach,Water,Ground,,3,1,Standard,2,0
340,Whiscash,Water,Ground,,3,2,Standard,23,0
341,Corphish,Water,Water,,3,1,Standard,16,0
342,Crawdaunt,Water,Dark,,3,2,Standard,30,0
343,Baltoy,Ground,Psychic,,3,1,Standard,1,0
344,Claydol,Ground,Psychic,,3,2,Standard,19,0
345,Lileep,Rock,Grass,,3,1,Ancient,4,0
346,Cradily,Rock,Grass,,3,2,Ancient,46,1
347,Anorith,Rock,Bug,,3,1,Ancient,8,0
348,Armaldo,Rock,Bug,,3,2,Ancient,26,0
349,Feebas,Water,Water,,3,1,Standard,6,0
350,Milotic,Water,Water,,3,2,Standard,224,1
351,Castform,Normal,Normal,,3,0,Standard,36,0
351,Castform,Fire,Fire,,3,0,Standard,36,0
351,Castform,Water,Water,,3,0,Standard,36,0
351,Castform,Ice,Ice,,3,0,Standard,36,0
352,Kecleon,Normal,Normal,,3,0,Standard,28,1
353,Shuppet,Ghost,Ghost,,3,1,Standard,12,0
354,Banette,Ghost,Ghost,,3,2,Standard,80,0
355,Duskull,Ghost,Ghost,,3,1,Standard,44,0
356,Dusclops,Ghost,Ghost,,3,2,Standard,22,0
357,Tropius,Grass,Flying,,3,0,Standard,118,2
358,Chimecho,Psychic,Psychic,,3,2,Standard,25,0
359,Absol,Dark,Dark,,3,0,Standard,542,1
360,Wynaut,Psychic,Psychic,,3,1,Standard,7,0
361,Snorunt,Ice,Ice,,3,1,Standard,27,1
362,Glalie,Ice,Ice,,3,2,Standard,34,1
363,Spheal,Ice,Water,,3,1,Standard,83,1
364,Sealeo,Ice,Water,,3,2,Standard,3,0
365,Walrein,Ice,Water,,3,3,Standard,33,0
366,Clamperl,Water,Water,,3,1,Standard,8,1
367,Huntail,Water,Water,,3,2,Standard,2,0
368,Gorebyss,Water,Water,,3,2,Standard,7,0
369,Relicanth,Water,Rock,,3,0,Standard,32,0
370,Luvdisc,Water,Water,,3,0,Standard,9,1
371,Bagon,Dragon,Dragon,,3,1,Standard,17,0
372,Shelgon,Dragon,Dragon,,3,2,Standard,5,0
373,Salamence,Dragon,Flying,,3,3,Standard,220,0
374,Beldum,Steel,Psychic,,3,1,Standard,20,0
375,Metang,Steel,Psychic,,3,2,Standard,8,0
376,Metagross,Steel,Psychic,,3,3,Standard,395,0
377,Regirock,Rock,Rock,,3,0,Sub-Legendary,6,0
378,Regice,Ice,Ice,,3,0,Sub-Legendary,11,0
379,Registeel,Steel,Steel,,3,0,Sub-Legendary,16,0
380,Latias,Dragon,Psychic,,3,0,Sub-Legendary,97,0
381,Latios,Dragon,Psychic,,3,0,Sub-Legendary,68,0
382,Kyogre,Water,Water,,3,0,Legendary,71,0
383,Groudon,Ground,Ground,,3,0,Legendary,61,0
384,Rayquaza,Dragon,Flying,,3,0,Legendary,316,0
385,Jirachi,Steel,Psychic,,3,0,Mythical,123,1
386,Deoxys,Psychic,Psychic,,3,0,Mythical,75,0
387,Turtwig,Grass,Grass,,4,1,Starter,218,0
388,Grotle,Grass,Grass,,4,2,Starter,11,0
389,Torterra,Grass,Ground,,4,3,Starter,430,1
390,Chimchar,Fire,Fire,,4,1,Starter,70,0
391,Monferno,Fire,Fighting,,4,2,Starter,27,1
392,Infernape,Fire,Fighting,,4,3,Starter,443,0
393,Piplup,Water,Water,,4,1,Starter,190,1
394,Prinplup,Water,Water,,4,2,Starter,11,0
395,Empoleon,Water,Steel,,4,3,Starter,346,0
396,Starly,Normal,Flying,,4,1,Standard,14,1
397,Staravia,Normal,Flying,,4,2,Standard,7,0
398,Staraptor,Normal,Flying,,4,3,Standard,142,0
399,Bidoof,Normal,Normal,,4,1,Standard,81,1
400,Bibarel,Normal,Water,,4,2,Standard,8,0
401,Kricketot,Bug,Bug,,4,1,Standard,9,0
402,Kricketune,Bug,Bug,,4,2,Standard,14,0
403,Shinx,Electric,Electric,,4,1,Standard,124,1
404,Luxio,Electric,Electric,,4,2,Standard,18,0
405,Luxray,Electric,Electric,,4,3,Standard,429,1
406,Budew,Grass,Poison,,4,1,Standard,7,0
407,Roserade,Grass,Poison,,4,3,Standard,86,0
408,Cranidos,Rock,Rock,,4,1,Ancient,9,0
409,Rampardos,Rock,Rock,,4,2,Ancient,22,1
410,Shieldon,Rock,Steel,,4,1,Ancient,6,0
411,Bastiodon,Rock,Steel,,4,2,Ancient,19,0
412,Burmy,Bug,Bug,,4,1,Standard,7,0
413,Wormadam,Bug,Grass,,4,2,Standard,4,0
413,Wormadam,Bug,Ground,,4,2,Standard,4,0
413,Wormadam,Bug,Steel,,4,2,Standard,4,0
414,Mothim,Bug,Flying,,4,2,Standard,7,0
415,Combee,Bug,Flying,,4,1,Standard,14,1
416,Vespiquen,Bug,Flying,,4,2,Standard,26,1
417,Pachirisu,Electric,Electric,,4,0,Standard,40,0
418,Buizel,Water,Water,,4,1,Standard,90,0
419,Floatzel,Water,Water,,4,2,Standard,42,0
420,Cherubi,Grass,Grass,,4,1,Standard,8,0
421,Cherrim,Grass,Grass,,4,2,Standard,23,0
422,Shellos,Water,Water,,4,1,Standard,15,0
423,Gastrodon,Water,Ground,,4,2,Standard,47,0
424,Ambipom,Normal,Normal,,4,2,Standard,31,0
425,Drifloon,Ghost,Flying,,4,1,Standard,71,1
426,Drifblim,Ghost,Flying,,4,2,Standard,34,1
427,Buneary,Normal,Normal,,4,1,Standard,16,0
428,Lopunny,Normal,Normal,,4,2,Standard,81,0
429,Mismagius,Ghost,Ghost,,4,2,Standard,80,0
430,Honchkrow,Dark,Flying,,4,2,Standard,74,0
431,Glameow,Normal,Normal,,4,1,Standard,3,0
432,Purugly,Normal,Normal,,4,2,Standard,10,0
433,Chingling,Psychic,Psychic,,4,1,Standard,6,0
434,Stunky,Poison,Dark,,4,1,Standard,6,0
435,Skuntank,Poison,Dark,,4,2,Standard,15,0
436,Bronzor,Steel,Psychic,,4,1,Standard,6,0
437,Bronzong,Steel,Psychic,,4,2,Standard,21,0
438,Bonsly,Rock,Rock,,4,1,Standard,7,0
439,Mime Jr.,Psychic,Fairy,,4,1,Standard,9,0
440,Happiny,Normal,Normal,,4,1,Standard,5,0
441,Chatot,Normal,Flying,,4,0,Standard,31,0
442,Spiritomb,Ghost,Dark,,4,0,Standard,35,0
443,Gible,Dragon,Ground,,4,1,Standard,35,0
444,Gabite,Dragon,Ground,,4,2,Standard,9,0
445,Garchomp,Dragon,Ground,,4,3,Standard,404,0
446,Munchlax,Normal,Normal,,4,1,Standard,50,0
447,Riolu,Fighting,Fighting,,4,1,Standard,64,0
448,Lucario,Fighting,Steel,,4,2,Standard,604,0
449,Hippopotas,Ground,Ground,,4,1,Standard,6,0
450,Hippowdon,Ground,Ground,,4,2,Standard,12,1
451,Skorupi,Poison,Bug,,4,1,Standard,1,1
452,Drapion,Poison,Dark,,4,2,Standard,42,0
453,Croagunk,Poison,Fighting,,4,1,Standard,48,1
454,Toxicroak,Poison,Fighting,,4,2,Standard,82,0
455,Carnivine,Grass,Grass,,4,0,Standard,12,0
456,Finneon,Water,Water,,4,1,Standard,8,1
457,Lumineon,Water,Water,,4,2,Standard,12,1
458,Mantyke,Water,Flying,,4,1,Standard,10,0
459,Snover,Grass,Ice,,4,1,Standard,10,0
460,Abomasnow,Grass,Ice,,4,2,Standard,25,1
461,Weavile,Dark,Ice,,4,2,Standard,185,1
462,Magnezone,Electric,Steel,,4,3,Standard,55,0
463,Lickilicky,Normal,Normal,,4,2,Standard,19,0
464,Rhyperior,Ground,Rock,,4,3,Standard,20,0
465,Tangrowth,Grass,Grass,,4,2,Standard,19,1
466,Electivire,Electric,Electric,,4,3,Standard,113,0
467,Magmortar,Fire,Fire,,4,3,Standard,26,0
468,Togekiss,Fairy,Flying,,4,3,Standard,164,0
469,Yanmega,Bug,Flying,,4,2,Standard,39,1
470,Leafeon,Grass,Grass,,4,2,Starter,127,1
471,Glaceon,Ice,Ice,,4,2,Starter,180,1
472,Gliscor,Ground,Flying,,4,2,Standard,132,2
473,Mamoswine,Ice,Ground,,4,3,Standard,69,1
474,Porygon-Z,Normal,Normal,,4,3,Standard,148,0
475,Gallade,Psychic,Fighting,,4,3,Standard,239,0
476,Probopass,Rock,Steel,,4,2,Standard,16,0
477,Dusknoir,Ghost,Ghost,,4,3,Standard,42,0
478,Froslass,Ice,Ghost,,4,2,Standard,143,1
479,Rotom,Electric,Ghost,,4,0,Standard,65,0
479,Rotom,Electric,Fire,,4,0,Standard,65,0
479,Rotom,Electric,Water,,4,0,Standard,65,0
479,Rotom,Electric,Ice,,4,0,Standard,65,0
479,Rotom,Electric,Flying,,4,0,Standard,65,0
479,Rotom,Electric,Grass,,4,0,Standard,65,0
480,Uxie,Psychic,Psychic,,4,0,Sub-Legendary,3,0
481,Mesprit,Psychic,Psychic,,4,0,Sub-Legendary,5,0
482,Azelf,Psychic,Psychic,,4,0,Sub-Legendary,13,0
483,Dialga,Steel,Dragon,,4,0,Legendary,73,0
484,Palkia,Water,Dragon,,4,0,Legendary,34,0
485,Heatran,Fire,Steel,,4,0,Sub-Legendary,7,0
486,Regigigas,Normal,Normal,,4,0,Sub-Legendary,29,0
487,Giratina,Ghost,Dragon,,4,0,Legendary,157,0
488,Cresselia,Psychic,Psychic,,4,0,Sub-Legendary,9,0
489,Phione,Water,Water,,4,0,Mythical,2,0
490,Manaphy,Water,Water,,4,0,Mythical,27,1
491,Darkrai,Dark,Dark,,4,0,Mythical,185,0
492,Shaymin,Grass,Grass,,4,0,Mythical,112,1
492,Shaymin,Grass,Flying,,4,0,Mythical,112,0
493,Arceus,Normal,Normal,,4,0,Mythical,35,0
494,Victini,Psychic,Fire,,5,0,Mythical,91,0
495,Snivy,Grass,Grass,,5,1,Starter,62,0
496,Servine,Grass,Grass,,5,2,Starter,6,0
497,Serperior,Grass,Grass,,5,3,Starter,106,1
498,Tepig,Fire,Fire,,5,1,Starter,31,2
499,Pignite,Fire,Fighting,,5,2,Starter,7,0
500,Emboar,Fire,Fighting,,5,3,Starter,38,0
501,Oshawott,Water,Water,,5,1,Starter,83,0
502,Dewott,Water,Water,,5,2,Starter,51,0
503,Samurott,Water,Water,,5,3,Starter,68,0
504,Patrat,Normal,Normal,,5,1,Standard,1,0
505,Watchog,Normal,Normal,,5,2,Standard,4,0
506,Lillipup,Normal,Normal,,5,1,Standard,4,0
507,Herdier,Normal,Normal,,5,2,Standard,7,0
508,Stoutland,Normal,Normal,,5,3,Standard,27,1
509,Purrloin,Dark,Dark,,5,1,Standard,3,0
510,Liepard,Dark,Dark,,5,2,Standard,10,1
511,Pansage,Grass,Grass,,5,1,Standard,6,0
512,Simisage,Grass,Grass,,5,2,Standard,5,0
513,Pansear,Fire,Fire,,5,1,Standard,2,0
514,Simisear,Fire,Fire,,5,2,Standard,8,0
515,Panpour,Water,Water,,5,1,Standard,2,0
516,Simipour,Water,Water,,5,2,Standard,4,0
517,Munna,Psychic,Psychic,,5,1,Standard,4,0
518,Musharna,Psychic,Psychic,,5,2,Standard,7,0
519,Pidove,Normal,Flying,,5,1,Standard,7,0
520,Tranquill,Normal,Flying,,5,2,Standard,4,0
521,Unfezant,Normal,Flying,,5,3,Standard,5,1
522,Blitzle,Electric,Electric,,5,1,Standard,4,0
523,Zebstrika,Electric,Electric,,5,2,Standard,23,0
524,Roggenrola,Rock,Rock,,5,1,Standard,4,0
525,Boldore,Rock,Rock,,5,2,Standard,6,0
526,Gigalith,Rock,Rock,,5,3,Standard,17,0
527,Woobat,Psychic,Flying,,5,1,Standard,10,1
528,Swoobat,Psychic,Flying,,5,2,Standard,12,0
529,Drilbur,Ground,Ground,,5,1,Standard,5,2
530,Excadrill,Ground,Steel,,5,2,Standard,41,0
531,Audino,Normal,Normal,,5,0,Standard,34,1
532,Timburr,Fighting,Fighting,,5,1,Standard,3,0
533,Gurdurr,Fighting,Fighting,,5,2,Standard,3,0
534,Conkeldurr,Fighting,Fighting,,5,3,Standard,15,0
535,Tympole,Water,Water,,5,1,Standard,6,0
536,Palpitoad,Water,Ground,,5,2,Standard,4,0
537,Seismitoad,Water,Ground,,5,3,Standard,8,0
538,Throh,Fighting,Fighting,,5,0,Standard,9,0
539,Sawk,Fighting,Fighting,,5,0,Standard,7,0
540,Sewaddle,Bug,Grass,,5,1,Standard,1,0
541,Swadloon,Bug,Grass,,5,2,Standard,11,0
542,Leavanny,Bug,Grass,,5,3,Standard,20,0
543,Venipede,Bug,Poison,,5,1,Standard,2,0
544,Whirlipede,Bug,Poison,,5,2,Standard,5,0
545,Scolipede,Bug,Poison,,5,3,Standard,80,2
546,Cottonee,Grass,Fairy,,5,1,Standard,2,0
547,Whimsicott,Grass,Fairy,,5,2,Standard,139,0
548,Petilil,Grass,Grass,,5,1,Standard,7,0
549,Lilligant,Grass,Grass,,5,2,Standard,94,0
550,Basculin,Water,Water,,5,0,Standard,5,0
551,Sandile,Ground,Dark,,5,1,Standard,16,0
552,Krokorok,Ground,Dark,,5,2,Standard,10,0
553,Krookodile,Ground,Dark,,5,3,Standard,95,0
554,Darumaka,Fire,Fire,,5,1,Standard,10,0
554,Darumaka,Ice,Ice,Galarian,5,1,Standard,10,0
555,Darmanitan,Fire,Fire,,5,2,Standard,32,0
555,Darmanitan,Fire,Psychic,,5,2,Standard,32,0
555,Darmanitan,Ice,Ice,Galarian,5,2,Standard,32,0
555,Darmanitan,Ice,Fire,Galarian,5,2,Standard,32,0
556,Maractus,Grass,Grass,,5,0,Standard,57,0
557,Dwebble,Bug,Rock,,5,1,Standard,7,0
558,Crustle,Bug,Rock,,5,2,Standard,21,2
559,Scraggy,Dark,Fighting,,5,1,Standard,44,0
560,Scrafty,Dark,Fighting,,5,2,Standard,80,0
561,Sigilyph,Psychic,Flying,,5,0,Standard,44,1
562,Yamask,Ghost,Ghost,,5,1,Standard,4,0
562,Yamask,Ground,Ghost,Galarian,5,1,Standard,4,0
563,Cofagrigus,Ghost,Ghost,,5,2,Standard,37,0
564,Tirtouga,Water,Rock,,5,1,Ancient,4,0
565,Carracosta,Water,Rock,,5,2,Ancient,20,0
566,Archen,Rock,Flying,,5,1,Ancient,10,0
567,Archeops,Rock,Flying,,5,2,Ancient,46,1
568,Trubbish,Poison,Poison,,5,1,Standard,51,1
569,Garbodor,Poison,Poison,,5,2,Standard,30,0
570,Zorua,Dark,Dark,,5,1,Standard,82,0
571,Zoroark,Dark,Dark,,5,2,Standard,159,0
572,Minccino,Normal,Normal,,5,1,Standard,23,0
573,Cinccino,Normal,Normal,,5,2,Standard,40,0
574,Gothita,Psychic,Psychic,,5,1,Standard,0,0
575,Gothorita,Psychic,Psychic,,5,2,Standard,5,0
576,Gothitelle,Psychic,Psychic,,5,3,Standard,16,0
577,Solosis,Psychic,Psychic,,5,1,Standard,8,0
578,Duosion,Psychic,Psychic,,5,2,Standard,2,0
579,Reuniclus,Psychic,Psychic,,5,3,Standard,112,0
580,Ducklett,Water,Flying,,5,1,Standard,10,1
581,Swanna,Water,Flying,,5,2,Standard,5,1
582,Vanillite,Ice,Ice,,5,1,Standard,13,0
583,Vanillish,Ice,Ice,,5,2,Standard,6,0
584,Vanilluxe,Ice,Ice,,5,3,Standard,29,1
585,Deerling,Normal,Grass,,5,1,Standard,5,1
586,Sawsbuck,Normal,Grass,,5,2,Standard,32,1
587,Emolga,Electric,Flying,,5,0,Standard,46,1
588,Karrablast,Bug,Bug,,5,1,Standard,2,0
589,Escavalier,Bug,Steel,,5,2,Standard,25,0
590,Foongus,Grass,Poison,,5,1,Standard,5,2
591,Amoonguss,Grass,Poison,,5,2,Standard,4,0
592,Frillish,Water,Ghost,,5,1,Standard,2,1
593,Jellicent,Water,Ghost,,5,2,Standard,23,0
594,Alomomola,Water,Water,,5,0,Standard,1,1
595,Joltik,Bug,Electric,,5,1,Standard,79,1
596,Galvantula,Bug,Electric,,5,2,Standard,117,0
597,Ferroseed,Grass,Steel,,5,1,Standard,3,0
598,Ferrothorn,Grass,Steel,,5,2,Standard,39,0
599,Klink,Steel,Steel,,5,1,Standard,5,0
600,Klang,Steel,Steel,,5,2,Standard,4,0
601,Klinklang,Steel,Steel,,5,3,Standard,32,0
602,Tynamo,Electric,Electric,,5,1,Standard,6,0
603,Eelektrik,Electric,Electric,,5,2,Standard,0,0
604,Eelektross,Electric,Electric,,5,3,Standard,49,0
605,Elgyem,Psychic,Psychic,,5,1,Standard,12,0
606,Beheeyem,Psychic,Psychic,,5,2,Standard,20,1
607,Litwick,Ghost,Fire,,5,1,Standard,60,0
608,Lampent,Ghost,Fire,,5,2,Standard,12,0
609,Chandelure,Ghost,Fire,,5,3,Standard,222,1
610,Axew,Dragon,Dragon,,5,1,Standard,17,0
611,Fraxure,Dragon,Dragon,,5,2,Standard,6,0
612,Haxorus,Dragon,Dragon,,5,3,Standard,115,0
613,Cubchoo,Ice,Ice,,5,1,Standard,8,1
614,Beartic,Ice,Ice,,5,2,Standard,10,1
615,Cryogonal,Ice,Ice,,5,0,Standard,16,0
616,Shelmet,Bug,Bug,,5,1,Standard,2,0
617,Accelgor,Bug,Bug,,5,2,Standard,16,0
618,Stunfisk,Ground,Electric,,5,0,Standard,27,1
618,Stunfisk,Ground,Steel,Galarian,5,0,Standard,27,0
619,Mienfoo,Fighting,Fighting,,5,1,Standard,3,0
620,Mienshao,Fighting,Fighting,,5,2,Standard,29,0
621,Druddigon,Dragon,Dragon,,5,0,Standard,17,0
622,Golett,Ground,Ghost,,5,1,Standard,8,0
623,Golurk,Ground,Ghost,,5,2,Standard,87,1
624,Pawniard,Dark,Steel,,5,1,Standard,6,0
625,Bisharp,Dark,Steel,,5,2,Standard,93,0
626,Bouffalant,Normal,Normal,,5,0,Standard,5,1
627,Rufflet,Normal,Flying,,5,1,Standard,5,0
628,Braviary,Normal,Flying,,5,2,Standard,33,1
629,Vullaby,Dark,Flying,,5,1,Standard,3,0
630,Mandibuzz,Dark,Flying,,5,2,Standard,13,1
631,Heatmor,Fire,Fire,,5,0,Standard,6,0
632,Durant,Bug,Steel,,5,0,Standard,13,0
633,Deino,Dark,Dragon,,5,1,Standard,13,0
634,Zweilous,Dark,Dragon,,5,2,Standard,4,0
635,Hydreigon,Dark,Dragon,,5,3,Standard,166,1
636,Larvesta,Bug,Fire,,5,1,Standard,19,0
637,Volcarona,Bug,Fire,,5,2,Standard,290,1
638,Cobalion,Steel,Fighting,,5,0,Sub-Legendary,7,0
639,Terrakion,Rock,Fighting,,5,0,Sub-Legendary,3,0
640,Virizion,Grass,Fighting,,5,0,Sub-Legendary,4,0
641,Tornadus,Flying,Flying,,5,0,Sub-Legendary,2,0
642,Thundurus,Electric,Flying,,5,0,Sub-Legendary,4,0
643,Reshiram,Dragon,Fire,,5,0,Legendary,38,0
644,Zekrom,Dragon,Electric,,5,0,Legendary,39,0
645,Landorus,Ground,Flying,,5,0,Sub-Legendary,2,0
646,Kyurem,Dragon,Ice,,5,0,Legendary,21,0
647,Keldeo,Water,Fighting,,5,0,Mythical,14,0
648,Meloetta,Normal,Psychic,,5,0,Mythical,36,0
648,Meloetta,Normal,Fighting,,5,0,Mythical,36,0
649,Genesect,Bug,Steel,,5,0,Mythical,28,0
650,Chespin,Grass,Grass,,6,1,Starter,29,0
651,Quilladin,Grass,Grass,,6,2,Starter,3,0
652,Chesnaught,Grass,Fighting,,6,3,Starter,20,0
653,Fennekin,Fire,Fire,,6,1,Starter,23,0
654,Braixen,Fire,Fire,,6,2,Starter,46,0
655,Delphox,Fire,Psychic,,6,3,Starter,41,0
656,Froakie,Water,Water,,6,1,Starter,11,0
657,Frogadier,Water,Water,,6,2,Starter,3,0
658,Greninja,Water,Dark,,6,3,Starter,219,0
659,Bunnelby,Normal,Normal,,6,1,Standard,2,1
660,Diggersby,Normal,Ground,,6,2,Standard,4,0
661,Fletchling,Normal,Flying,,6,1,Standard,6,0
662,Fletchinder,Fire,Flying,,6,2,Standard,9,0
663,Talonflame,Fire,Flying,,6,3,Standard,31,1
664,Scatterbug,Bug,Bug,,6,1,Standard,2,0
665,Spewpa,Bug,Bug,,6,2,Standard,6,0
666,Vivillon,Bug,Flying,,6,3,Standard,11,1
667,Litleo,Fire,Normal,,6,1,Standard,4,0
668,Pyroar,Fire,Normal,,6,2,Standard,19,0
669,Flabébé,Fairy,Fairy,,6,1,Standard,4,0
670,Floette,Fairy,Fairy,,6,2,Standard,5,0
671,Florges,Fairy,Fairy,,6,3,Standard,5,1
672,Skiddo,Grass,Grass,,6,1,Standard,14,0
673,Gogoat,Grass,Grass,,6,2,Standard,37,0
674,Pancham,Fighting,Fighting,,6,1,Standard,20,1
675,Pangoro,Fighting,Dark,,6,2,Standard,28,0
676,Furfrou,Normal,Normal,,6,0,Standard,12,0
677,Espurr,Psychic,Psychic,,6,1,Standard,57,1
678,Meowstic,Psychic,Psychic,,6,2,Standard,45,0
679,Honedge,Steel,Ghost,,6,1,Standard,28,0
680,Doublade,Steel,Ghost,,6,2,Standard,10,0
681,Aegislash,Steel,Ghost,,6,3,Standard,168,0
682,Spritzee,Fairy,Fairy,,6,1,Standard,3,0
683,Aromatisse,Fairy,Fairy,,6,2,Standard,9,0
684,Swirlix,Fairy,Fairy,,6,1,Standard,9,0
685,Slurpuff,Fairy,Fairy,,6,2,Standard,21,0
686,Inkay,Dark,Psychic,,6,1,Standard,21,1
687,Malamar,Dark,Psychic,,6,2,Standard,33,0
688,Binacle,Rock,Water,,6,1,Standard,2,0
689,Barbaracle,Rock,Water,,6,2,Standard,12,0
690,Skrelp,Poison,Water,,6,1,Standard,5,0
691,Dragalge,Poison,Dragon,,6,2,Standard,24,0
692,Clauncher,Water,Water,,6,1,Standard,2,0
693,Clawitzer,Water,Water,,6,2,Standard,13,1
694,Helioptile,Electric,Normal,,6,1,Standard,11,0
695,Heliolisk,Electric,Normal,,6,2,Standard,25,1
696,Tyrunt,Rock,Dragon,,6,1,Ancient,11,0
697,Tyrantrum,Rock,Dragon,,6,2,Ancient,73,1
698,Amaura,Rock,Ice,,6,1,Ancient,8,0
699,Aurorus,Rock,Ice,,6,2,Ancient,19,1
700,Sylveon,Fairy,Fairy,,6,2,Starter,282,1
701,Hawlucha,Fighting,Flying,,6,0,Standard,64,0
702,Dedenne,Electric,Fairy,,6,0,Standard,28,1
703,Carbink,Rock,Fairy,,6,0,Standard,11,1
704,Goomy,Dragon,Dragon,,6,1,Standard,53,0
705,Sliggoo,Dragon,Dragon,,6,2,Standard,7,0
706,Goodra,Dragon,Dragon,,6,3,Standard,85,1
707,Klefki,Steel,Fairy,,6,0,Standard,44,0
708,Phantump,Ghost,Grass,,6,1,Standard,28,0
709,Trevenant,Ghost,Grass,,6,2,Standard,29,1
710,Pumpkaboo,Ghost,Grass,,6,1,Standard,34,1
711,Gourgeist,Ghost,Grass,,6,2,Standard,24,0
712,Bergmite,Ice,Ice,,6,1,Standard,7,0
713,Avalugg,Ice,Ice,,6,2,Standard,10,1
714,Noibat,Flying,Dragon,,6,1,Standard,13,1
715,Noivern,Flying,Dragon,,6,2,Standard,116,1
716,Xerneas,Fairy,Fairy,,6,0,Legendary,21,1
717,Yveltal,Dark,Flying,,6,0,Legendary,35,0
718,Zygarde,Dragon,Ground,,6,0,Legendary,11,0
719,Diancie,Rock,Fairy,,6,0,Mythical,16,1
720,Hoopa,Psychic,Ghost,,6,0,Mythical,8,0
720,Hoopa,Psychic,Dark,,6,0,Mythical,8,0
721,Volcanion,Fire,Water,,6,0,Mythical,5,0
722,Rowlet,Grass,Flying,,7,1,Starter,89,0
723,Dartrix,Grass,Flying,,7,2,Starter,2,0
724,Decidueye,Grass,Ghost,,7,3,Starter,107,0
725,Litten,Fire,Fire,,7,1,Starter,31,0
726,Torracat,Fire,Fire,,7,2,Starter,10,0
727,Incineroar,Fire,Dark,,7,3,Starter,58,0
728,Popplio,Water,Water,,7,1,Starter,26,0
729,Brionne,Water,Water,,7,2,Starter,6,0
730,Primarina,Water,Fairy,,7,3,Starter,51,1
731,Pikipek,Normal,Flying,,7,1,Standard,3,1
732,Trumbeak,Normal,Flying,,7,2,Standard,1,0
733,Toucannon,Normal,Flying,,7,3,Standard,10,1
734,Yungoos,Normal,Normal,,7,1,Standard,0,0
735,Gumshoos,Normal,Normal,,7,2,Standard,4,0
736,Grubbin,Bug,Bug,,7,1,Standard,5,0
737,Charjabug,Bug,Electric,,7,2,Standard,9,0
738,Vikavolt,Bug,Electric,,7,3,Standard,12,0
739,Crabrawler,Fighting,Fighting,,7,1,Standard,5,1
740,Crabominable,Fighting,Ice,,7,2,Standard,2,1
741,Oricorio,Fire,Flying,,7,0,Standard,11,0
741,Oricorio,Electric,Flying,,7,0,Standard,11,0
741,Oricorio,Psychic,Flying,,7,0,Standard,11,0
741,Oricorio,Ghost,Flying,,7,0,Standard,11,0
742,Cutiefly,Bug,Fairy,,7,1,Standard,23,1
743,Ribombee,Bug,Fairy,,7,2,Standard,41,0
744,Rockruff,Rock,Rock,,7,1,Standard,20,2
745,Lycanroc,Rock,Rock,,7,2,Standard,91,1
746,Wishiwashi,Water,Water,,7,0,Standard,5,1
747,Mareanie,Poison,Water,,7,1,Standard,13,1
748,Toxapex,Poison,Water,,7,2,Standard,35,0
749,Mudbray,Ground,Ground,,7,1,Standard,5,0
750,Mudsdale,Ground,Ground,,7,2,Standard,14,0
751,Dewpider,Water,Bug,,7,1,Standard,2,0
752,Araquanid,Water,Bug,,7,2,Standard,25,0
753,Fomantis,Grass,Grass,,7,1,Standard,3,0
754,Lurantis,Grass,Grass,,7,2,Standard,26,0
755,Morelull,Grass,Fairy,,7,1,Standard,5,1
756,Shiinotic,Grass,Fairy,,7,2,Standard,10,0
757,Salandit,Poison,Fire,,7,1,Standard,8,1
758,Salazzle,Poison,Fire,,7,2,Standard,33,2
759,Stufful,Normal,Fighting,,7,1,Standard,11,0
760,Bewear,Normal,Fighting,,7,2,Standard,36,1
761,Bounsweet,Grass,Grass,,7,1,Standard,3,1
762,Steenee,Grass,Grass,,7,2,Standard,3,0
763,Tsareena,Grass,Grass,,7,3,Standard,25,0
764,Comfey,Fairy,Fairy,,7,0,Standard,5,1
765,Oranguru,Normal,Psychic,,7,0,Standard,6,0
766,Passimian,Fighting,Fighting,,7,0,Standard,7,0
767,Wimpod,Bug,Water,,7,1,Standard,3,0
768,Golisopod,Bug,Water,,7,2,Standard,79,1
769,Sandygast,Ghost,Ground,,7,1,Standard,5,1
770,Palossand,Ghost,Ground,,7,2,Standard,9,0
771,Pyukumuku,Water,Water,,7,0,Standard,49,1
772,Type: Null,Normal,Normal,,7,1,Sub-Legendary,10,0
773,Silvally,Normal,Normal,,7,2,Sub-Legendary,32,0
774,Minior,Rock,Flying,,7,0,Standard,32,1
775,Komala,Normal,Normal,,7,0,Standard,13,0
776,Turtonator,Fire,Dragon,,7,0,Standard,6,0
777,Togedemaru,Electric,Steel,,7,0,Standard,9,0
778,Mimikyu,Ghost,Fairy,,7,0,Standard,284,0
779,Bruxish,Water,Psychic,,7,0,Standard,10,0
780,Drampa,Normal,Dragon,,7,0,Standard,15,1
781,Dhelmise,Ghost,Grass,,7,0,Standard,24,0
782,Jangmo-o,Dragon,Dragon,,7,1,Standard,3,0
783,Hakamo-o,Dragon,Fighting,,7,2,Standard,4,0
784,Kommo-o,Dragon,Fighting,,7,3,Standard,14,0
785,Tapu Koko,Electric,Fairy,,7,0,Sub-Legendary,10,0
786,Tapu Lele,Psychic,Fairy,,7,0,Sub-Legendary,4,0
787,Tapu Bulu,Grass,Fairy,,7,0,Sub-Legendary,2,0
788,Tapu Fini,Water,Fairy,,7,0,Sub-Legendary,2,0
789,Cosmog,Psychic,Psychic,,7,1,Legendary,10,0
790,Cosmoem,Psychic,Psychic,,7,2,Legendary,1,0
791,Solgaleo,Psychic,Steel,,7,3,Legendary,12,0
792,Lunala,Psychic,Ghost,,7,3,Legendary,11,0
793,Nihilego,Rock,Poison,,7,0,Sub-Legendary,11,0
794,Buzzwole,Bug,Fighting,,7,0,Sub-Legendary,19,0
795,Pheromosa,Bug,Fighting,,7,0,Sub-Legendary,10,0
796,Xurkitree,Electric,Electric,,7,0,Sub-Legendary,21,0
797,Celesteela,Steel,Flying,,7,0,Sub-Legendary,8,0
798,Kartana,Grass,Steel,,7,0,Sub-Legendary,11,0
799,Guzzlord,Dark,Dragon,,7,0,Sub-Legendary,15,0
800,Necrozma,Psychic,Psychic,,7,0,Legendary,23,0
801,Magearna,Steel,Fairy,,7,0,Mythical,7,0
802,Marshadow,Fighting,Ghost,,7,0,Mythical,29,0
803,Poipole,Poison,Poison,,7,1,Sub-Legendary,9,0
804,Naganadel,Poison,Dragon,,7,2,Sub-Legendary,9,0
805,Stakataka,Rock,Steel,,7,0,Sub-Legendary,13,0
806,Blacephalon,Fire,Ghost,,7,0,Sub-Legendary,8,0
807,Zeraora,Electric,Electric,,7,0,Mythical,17,0
808,Meltan,Steel,Steel,,7,1,Mythical,3,0
809,Melmetal,Steel,Steel,,7,2,Mythical,13,0
810,Grookey,Grass,Grass,,8,1,Starter,,1
811,Thwackey,Grass,Grass,,8,2,Starter,,0
812,Rillaboom,Grass,Grass,,8,3,Starter,,0
813,Scorbunny,Fire,Fire,,8,1,Starter,,1
814,Raboot,Fire,Fire,,8,2,Starter,,0
815,Cinderace,Fire,Fire,,8,3,Starter,,0
816,Sobble,Water,Water,,8,1,Starter,,1
817,Drizzile,Water,Water,,8,2,Starter,,0
818,Inteleon,Water,Water,,8,3,Starter,,0
819,Skwovet,Normal,Normal,,8,1,Standard,,0
820,Greedent,Normal,Normal,,8,2,Standard,,0
821,Rookidee,Flying,Flying,,8,1,Standard,,0
822,Corvisquire,Flying,Flying,,8,2,Standard,,0
823,Corviknight,Flying,Steel,,8,3,Standard,,0
824,Blipbug,Bug,Bug,,8,1,Standard,,0
825,Dottler,Bug,Psychic,,8,2,Standard,,0
826,Orbeetle,Bug,Psychic,,8,3,Standard,,0
827,Nickit,Dark,Dark,,8,1,Standard,,0
828,Thievul,Dark,Dark,,8,2,Standard,,0
829,Gossifleur,Grass,Grass,,8,1,Standard,,0
830,Eldegoss,Grass,Grass,,8,2,Standard,,1
831,Wooloo,Normal,Normal,,8,1,Standard,,0
832,Dubwool,Normal,Normal,,8,2,Standard,,0
833,Chewtle,Water,Water,,8,1,Standard,,0
834,Drednaw,Water,Rock,,8,2,Standard,,0
835,Yamper,Electric,Electric,,8,1,Standard,,0
836,Boltund,Electric,Electric,,8,2,Standard,,0
837,Rolycoly,Rock,Rock,,8,1,Standard,,0
838,Carkol,Rock,Fire,,8,2,Standard,,0
839,Coalossal,Rock,Fire,,8,3,Standard,,0
840,Applin,Grass,Dragon,,8,1,Standard,,1
841,Flapple,Grass,Dragon,,8,2,Standard,,0
842,Appletun,Grass,Dragon,,8,2,Standard,,0
843,Silicobra,Ground,Ground,,8,1,Standard,,1
844,Sandaconda,Ground,Ground,,8,2,Standard,,0
845,Cramorant,Flying,Water,,8,0,Standard,,0
846,Arrokuda,Water,Water,,8,1,Standard,,0
847,Barraskewda,Water,Water,,8,2,Standard,,0
848,Toxel,Electric,Poison,,8,1,Standard,,0
849,Toxtricity,Electric,Poison,,8,2,Standard,,0
850,Sizzlipede,Fire,Bug,,8,1,Standard,,0
851,Centiskorch,Fire,Bug,,8,2,Standard,,0
852,Clobbopus,Fighting,Fighting,,8,1,Standard,,0
853,Grapploct,Fighting,Fighting,,8,2,Standard,,0
854,Sinistea,Ghost,Ghost,,8,1,Standard,,0
855,Polteageist,Ghost,Ghost,,8,2,Standard,,0
856,Hatenna,Psychic,Psychic,,8,1,Standard,,0
857,Hattrem,Psychic,Psychic,,8,2,Standard,,0
858,Hatterene,Psychic,Fairy,,8,3,Standard,,0
859,Impidimp,Dark,Fairy,,8,1,Standard,,0
860,Morgrem,Dark,Fairy,,8,2,Standard,,0
861,Grimmsnarl,Dark,Fairy,,8,3,Standard,,0
862,Obstagoon,Dark,Normal,,8,3,Standard,,0
863,Perrserker,Steel,Steel,,8,2,Standard,,0
864,Cursola,Ghost,Ghost,,8,2,Standard,,0
865,Sirfetch'd,Fighting,Fighting,,8,2,Standard,,0
866,Mr. Rime,Ice,Psychic,,8,3,Standard,,0
867,Runerigus,Ground,Ghost,,8,2,Standard,,0
868,Milcery,Fairy,Fairy,,8,1,Standard,,0
869,Alcremie,Fairy,Fairy,,8,2,Standard,,0
870,Falinks,Fighting,Fighting,,8,0,Standard,,0
871,Pincurchin,Electric,Electric,,8,0,Standard,,0
872,Snom,Ice,Bug,,8,1,Standard,,1
873,Frosmoth,Ice,Bug,,8,2,Standard,,0
874,Stonjourner,Rock,Rock,,8,0,Standard,,0
875,Eiscue,Ice,Ice,,8,0,Standard,,0
876,Indeedee,Psychic,Normal,,8,0,Standard,,0
877,Morpeko,Electric,Dark,,8,0,Standard,,0
878,Cufant,Steel,Steel,,8,1,Standard,,0
879,Copperajah,Steel,Steel,,8,2,Standard,,0
880,Dracozolt,Electric,Dragon,,8,0,Ancient,,0
881,Arctozolt,Electric,Ice,,8,0,Ancient,,0
882,Dracovish,Water,Dragon,,8,0,Ancient,,0
883,Arctovish,Water,Ice,,8,0,Ancient,,0
884,Duraludon,Steel,Dragon,,8,0,Standard,,0
885,Dreepy,Dragon,Ghost,,8,1,Standard,,0
886,Drakloak,Dragon,Ghost,,8,2,Standard,,0
887,Dragapult,Dragon,Ghost,,8,3,Standard,,0
888,Zacian,Fairy,Fairy,,8,0,Legendary,,0
888,Zacian,Fairy,Steel,,8,0,Legendary,,0
889,Zamazenta,Fighting,Fighting,,8,0,Legendary,,0
889,Zamazenta,Fighting,Steel,,8,0,Legendary,,0
890,Eternatus,Poison,Dragon,,8,0,Legendary,,0
891,Kubfu,Fighting,Fighting,,8,1,Sub-Legendary,,0
892,Urshifu,Fighting,Dark,,8,2,Sub-Legendary,,0
892,Urshifu,Fighting,Water,,8,2,Sub-Legendary,,0
893,Zarude,Dark,Grass,,8,0,Mythical,,0
894,Regieleki,Electric,Electric,,8,0,Sub-Legendary,,0
895,Regidrago,Dragon,Dragon,,8,0,Sub-Legendary,,0
896,Glastrier,Ice,Ice,,8,0,Sub-Legendary,,0
897,Spectrier,Ghost,Ghost,,8,0,Sub-Legendary,,0
898,Calyrex,Psychic,Grass,,8,0,Legendary,,0
898,Calyrex,Psychic,Ice,,8,0,Legendary,,0
898,Calyrex,Psychic,Ghost,,8,0,Legendary,,0